grupo,término,título,fragmento
La Nación,proceso,La defensa de Cristina Kirchner apuntó contra el presidente Milei por haber dich,"...los tres jueces que hoy integran la Corte Suprema de la Nación, ha vertido expresiones que afectan de manera directa el desarrollo de este proceso. Anunciando que en esta causa que ustedes tienen para resolver, mi defendida va a terminar presa”, le dijo Beraldi a los jueces.
El letrado..."
La Nación,proceso,Cuadernos de las coimas: Cristina Kirchner denunció “prácticas mafiosas” y atacó,"...el juicio de los cuadernos de las coimas en los tribunales de Comodoro Py 2002. En su alocución, de casi una hora, intentó desacreditar el proceso, cargó en duros términos contra el fiscal que instruyó la causa -Carlos Stornelli- y el Poder Judicial en general, e hizo breves alusiones..."
La Nación,proceso,Los Cuadernos de las coimas: el chofer Centeno se negó a declarar y Uberti afirm,"...o contestó preguntas del Tribunal Oral Federal n°7. La expresidenta, que ocupa el centro de la escena en el juicio, intentó desacreditar el proceso y cargó en duros términos contra el fiscal que instruyó la causa, Carlos Stornelli.
Otras noticias de Los cuadernos de las coimas
Cuadernos..."
La Nación,trump,La defensa de Cristina Kirchner apuntó contra el presidente Milei por haber dich,"...festín para los empresarios acusados de corrupción
- 1
Cruces por Malvinas en las redes sociales entre un periodista británico, el hijo de Trump y hasta Luis Caputo
- 2
Malvinas y la apuesta por Donald Trump
- 3
La causa del dólar blue investiga a más de 30 empresas con operaciones d..."
La Nación,trump,Cuadernos de las coimas: Cristina Kirchner denunció “prácticas mafiosas” y atacó,"...del país, se compone de 8 causas distintas, 6 de las cuales están siendo ahora juzgadas por el TOF 7.
- 1
Malvinas y la apuesta por Donald Trump
- 2
Cruces por Malvinas en las redes sociales entre un periodista británico, el hijo de Trump y hasta Luis Caputo
- 3
La causa del dólar bl..."
La Nación,trump,Los Cuadernos de las coimas: el chofer Centeno se negó a declarar y Uberti afirm,"...festín para los empresarios acusados de corrupción
- 1
Cruces por Malvinas en las redes sociales entre un periodista británico, el hijo de Trump y hasta Luis Caputo
- 2
Malvinas y la apuesta por Donald Trump
- 3
La causa del dólar blue investiga a más de 30 empresas con operaciones d..."
Página 12,cfk,La persecución judicial contra Cristina Kirchner Las escandalosas irregularidade,"...ina Kirchner una coima, cuándo se la pagaron, cómo la recibió. Ni siquiera los (falsos) arrepentidos la mencionaron. Como ya es habitual, a CFK la acusan de ser jefa de una asociación ilícita, un cargo del que ya fue absuelta en la causa Vialidad. A pesar de que hasta ahora todas la..."
Página 12,cfk,La expresidente rechazó las acusaciones en el juicio por las fotocopias de los c,"...cios en que esas preguntas se pasan por alto. Pero el clima ya parecía espeso, entre otras cosas, por la decisión de los magistrados de que CFK concurriera a Comodoro Py con la tobillera puesta, algo sólo destinado a la humillación política. El juez le preguntó a la expresidenta si..."
Página 12,cfk,"Otra declaración que tampoco hizo ninguna referencia a CFK Cuadernos, el primer","Otra declaración que tampoco hizo ninguna referencia a CFK Cuadernos, el primer arrepentido que cambió mucho El representante de la española Isolux desmintió buena parte de lo escrito en los cuadern..."
Página 12,electoral,"Otra declaración que tampoco hizo ninguna referencia a CFK Cuadernos, el primer","...ambió mucho El representante de la española Isolux desmintió buena parte de lo escrito en los cuadernos, dijo que fueron aportes de campaña electoral, que son falsas las fechas, los domicilios y los montos. Por Raúl Kollmann 30 de marzo de 2026 - 23:21 El representante de la empresa españ..."
Página 12,electoral,"Otra declaración que tampoco hizo ninguna referencia a CFK Cuadernos, un arrepen","...ó a Centeno El representante de la española Isolux desmintió buena parte de lo escrito en los cuadernos, dijo que fueron aportes de campaña electoral, que son falsas las fechas, los domicilios y los montos. Por Raúl Kollmann 31 de marzo de 2026 - 00:01 El representante de la empresa españ..."
